<?xml version="1.0" encoding="UTF-8"?>
<exceptions>
    <exception package="org.fdroid.fdroid">
        <permission name="android.permission.ACCESS_NETWORK_STATE" fixed="false"></permission>
        <permission name="android.permission.ACCESS_WIFI_STATE" fixed="false"></permission>
        <permission name="android.permission.BLUETOOTH" fixed="false"></permission>
        <permission name="android.permission.BLUETOOTH_ADMIN" fixed="false"></permission>
        <permission name="android.permission.CHANGE_NETWORK_STATE" fixed="false"></permission>
        <permission name="android.permission.CHANGE_WIFI_MULTICAST_STATE" fixed="false"></permission>
        <permission name="android.permission.CHANGE_WIFI_STATE" fixed="false"></permission>
        <permission name="android.permission.INTERNET" fixed="false"></permission>
        <permission name="android.permission.NFC" fixed="false"></permission>
        <permission name="android.permission.READ_EXTERNAL_STORAGE" fixed="false"></permission>
        <permission name="android.permission.RECEIVE_BOOT_COMPLETED" fixed="false"></permission>
        <permission name="android.permission.WAKE_LOCK" fixed="false"></permission>
        <permission name="android.permission.WRITE_EXTERNAL_STORAGE" fixed="false"></permission>
        <permission name="android.permission.WRITE_SETTINGS" fixed="false"></permission>
    </exception>
    <exception package="org.fdroid.fdroid.privileged">
        <permission name="android.permission.DELETE_PACKAGES" fixed="false"></permission>
        <permission name="android.permission.INSTALL_PACKAGES" fixed="false"></permission>
    </exception>
</exceptions>