<?xml version="1.0" encoding="UTF-8"?>
<exceptions>
    <exception package="org.pocketworkstation.pckeyboard">
        <permission name="android.permission.READ_USER_DICTIONARY" fixed="false"></permission>
        <permission name="android.permission.VIBRATE" fixed="false"></permission>
        <permission name="android.permission.WRITE_USER_DICTIONARY" fixed="false"></permission>
    </exception>
    <exception package="com.termux">
        <permission name="android.permission.INTERNET" fixed="false"></permission>
        <permission name="android.permission.READ_EXTERNAL_STORAGE" fixed="false"></permission>
        <permission name="android.permission.VIBRATE" fixed="false"></permission>
        <permission name="android.permission.WAKE_LOCK" fixed="false"></permission>
        <permission name="android.permission.WRITE_EXTERNAL_STORAGE" fixed="false"></permission>
    </exception>
    <exception package="com.termux.api">
        <permission name="android.permission.ACCESS_COARSE_LOCATION" fixed="false"></permission>
        <permission name="android.permission.ACCESS_FINE_LOCATION" fixed="false"></permission>
        <permission name="android.permission.ACCESS_NETWORK_STATE" fixed="false"></permission>
        <permission name="android.permission.ACCESS_WIFI_STATE" fixed="false"></permission>
        <permission name="android.permission.CALL_PHONE" fixed="false"></permission>
        <permission name="android.permission.CAMERA" fixed="false"></permission>
        <permission name="android.permission.CHANGE_WIFI_STATE" fixed="false"></permission>
        <permission name="android.permission.READ_CALL_LOG" fixed="false"></permission>
        <permission name="android.permission.READ_CONTACTS" fixed="false"></permission>
        <permission name="android.permission.READ_PHONE_STATE" fixed="false"></permission>
        <permission name="android.permission.READ_SMS" fixed="false"></permission>
        <permission name="android.permission.RECORD_AUDIO" fixed="false"></permission>
        <permission name="android.permission.SEND_SMS" fixed="false"></permission>
        <permission name="android.permission.SET_WALLPAPER" fixed="false"></permission>
        <permission name="android.permission.TRANSMIT_IR" fixed="false"></permission>
        <permission name="android.permission.USE_FINGERPRINT" fixed="false"></permission>
        <permission name="android.permission.VIBRATE" fixed="false"></permission>
        <permission name="android.permission.WRITE_SETTINGS" fixed="false"></permission>
    </exception>
    <exception package="com.termux.widget">
        <permission name="android.permission." fixed="false"></permission>
    </exception>
    <exception package="com.termux.styling">
        <permission name="android.permission." fixed="false"></permission>
    </exception>
</exceptions>